<?xml version="1.0" encoding="UTF-8"?>
<pages>
<page zip="bobshop_cart/bobshop_cart">
<name><![CDATA[bobshop_cart]]></name>
<creator><![CDATA[admin]]></creator>
<user><![CDATA[admin]]></user>
<is_html>0</is_html>
<wysiwyg>n</wysiwyg>
<created>1598885842</created>
<lastModif>1601107950</lastModif>
<hits>0</hits>

<history>
	<version version="11" zip="bobshop_cart/history/11.txt">
		<user><![CDATA[admin]]></user>
						<lastModif>1599984150</lastModif>
	</version>
	<version version="10" zip="bobshop_cart/history/10.txt">
		<user><![CDATA[admin]]></user>
						<lastModif>1599984001</lastModif>
	</version>
	<version version="9" zip="bobshop_cart/history/9.txt">
		<user><![CDATA[admin]]></user>
						<lastModif>1599495478</lastModif>
	</version>
	<version version="8" zip="bobshop_cart/history/8.txt">
		<user><![CDATA[admin]]></user>
						<lastModif>1599495352</lastModif>
	</version>
	<version version="7" zip="bobshop_cart/history/7.txt">
		<user><![CDATA[admin]]></user>
						<lastModif>1599495279</lastModif>
	</version>
	<version version="6" zip="bobshop_cart/history/6.txt">
		<user><![CDATA[robert]]></user>
						<lastModif>1599486331</lastModif>
	</version>
	<version version="5" zip="bobshop_cart/history/5.txt">
		<user><![CDATA[admin]]></user>
						<lastModif>1599428924</lastModif>
	</version>
	<version version="4" zip="bobshop_cart/history/4.txt">
		<user><![CDATA[admin]]></user>
						<lastModif>1599428809</lastModif>
	</version>
	<version version="3" zip="bobshop_cart/history/3.txt">
		<user><![CDATA[admin]]></user>
						<lastModif>1599428763</lastModif>
	</version>
	<version version="2" zip="bobshop_cart/history/2.txt">
		<user><![CDATA[admin]]></user>
						<lastModif>1599428259</lastModif>
	</version>
	<version version="1" zip="bobshop_cart/history/1.txt">
		<user><![CDATA[admin]]></user>
						<lastModif>1598885842</lastModif>
	</version>
</history>
</page>
<page zip="bobshop_cashierpage/bobshop_cashierpage">
<name><![CDATA[bobshop_cashierpage]]></name>
<creator><![CDATA[admin]]></creator>
<user><![CDATA[admin]]></user>
<is_html>0</is_html>
<wysiwyg>n</wysiwyg>
<created>1600722336</created>
<lastModif>1600954776</lastModif>
<hits>0</hits>

<history>
	<version version="47" zip="bobshop_cashierpage/history/47.txt">
		<user><![CDATA[admin]]></user>
						<lastModif>1600896668</lastModif>
	</version>
	<version version="46" zip="bobshop_cashierpage/history/46.txt">
		<user><![CDATA[admin]]></user>
						<lastModif>1600896513</lastModif>
	</version>
	<version version="45" zip="bobshop_cashierpage/history/45.txt">
		<user><![CDATA[admin]]></user>
						<lastModif>1600896497</lastModif>
	</version>
	<version version="44" zip="bobshop_cashierpage/history/44.txt">
		<user><![CDATA[admin]]></user>
						<lastModif>1600896464</lastModif>
	</version>
	<version version="43" zip="bobshop_cashierpage/history/43.txt">
		<user><![CDATA[admin]]></user>
						<lastModif>1600896352</lastModif>
	</version>
	<version version="42" zip="bobshop_cashierpage/history/42.txt">
		<user><![CDATA[admin]]></user>
						<lastModif>1600896333</lastModif>
	</version>
	<version version="41" zip="bobshop_cashierpage/history/41.txt">
		<user><![CDATA[admin]]></user>
						<lastModif>1600896199</lastModif>
	</version>
	<version version="40" zip="bobshop_cashierpage/history/40.txt">
		<user><![CDATA[admin]]></user>
						<lastModif>1600881223</lastModif>
	</version>
	<version version="39" zip="bobshop_cashierpage/history/39.txt">
		<user><![CDATA[admin]]></user>
						<lastModif>1600881204</lastModif>
	</version>
	<version version="38" zip="bobshop_cashierpage/history/38.txt">
		<user><![CDATA[admin]]></user>
						<lastModif>1600881177</lastModif>
	</version>
	<version version="37" zip="bobshop_cashierpage/history/37.txt">
		<user><![CDATA[admin]]></user>
						<lastModif>1600881170</lastModif>
	</version>
	<version version="36" zip="bobshop_cashierpage/history/36.txt">
		<user><![CDATA[admin]]></user>
						<lastModif>1600881055</lastModif>
	</version>
	<version version="35" zip="bobshop_cashierpage/history/35.txt">
		<user><![CDATA[admin]]></user>
						<lastModif>1600880429</lastModif>
	</version>
	<version version="34" zip="bobshop_cashierpage/history/34.txt">
		<user><![CDATA[admin]]></user>
						<lastModif>1600880050</lastModif>
	</version>
	<version version="33" zip="bobshop_cashierpage/history/33.txt">
		<user><![CDATA[admin]]></user>
						<lastModif>1600807611</lastModif>
	</version>
	<version version="32" zip="bobshop_cashierpage/history/32.txt">
		<user><![CDATA[admin]]></user>
						<lastModif>1600806957</lastModif>
	</version>
	<version version="31" zip="bobshop_cashierpage/history/31.txt">
		<user><![CDATA[admin]]></user>
						<lastModif>1600806943</lastModif>
	</version>
	<version version="30" zip="bobshop_cashierpage/history/30.txt">
		<user><![CDATA[admin]]></user>
						<lastModif>1600792693</lastModif>
	</version>
	<version version="29" zip="bobshop_cashierpage/history/29.txt">
		<user><![CDATA[admin]]></user>
						<lastModif>1600791326</lastModif>
	</version>
	<version version="28" zip="bobshop_cashierpage/history/28.txt">
		<user><![CDATA[admin]]></user>
						<lastModif>1600791286</lastModif>
	</version>
	<version version="27" zip="bobshop_cashierpage/history/27.txt">
		<user><![CDATA[admin]]></user>
						<lastModif>1600791267</lastModif>
	</version>
	<version version="26" zip="bobshop_cashierpage/history/26.txt">
		<user><![CDATA[admin]]></user>
						<lastModif>1600789677</lastModif>
	</version>
	<version version="25" zip="bobshop_cashierpage/history/25.txt">
		<user><![CDATA[admin]]></user>
						<lastModif>1600789626</lastModif>
	</version>
	<version version="24" zip="bobshop_cashierpage/history/24.txt">
		<user><![CDATA[admin]]></user>
						<lastModif>1600788590</lastModif>
	</version>
	<version version="23" zip="bobshop_cashierpage/history/23.txt">
		<user><![CDATA[admin]]></user>
						<lastModif>1600788472</lastModif>
	</version>
	<version version="22" zip="bobshop_cashierpage/history/22.txt">
		<user><![CDATA[admin]]></user>
						<lastModif>1600788410</lastModif>
	</version>
	<version version="21" zip="bobshop_cashierpage/history/21.txt">
		<user><![CDATA[admin]]></user>
						<lastModif>1600788388</lastModif>
	</version>
	<version version="20" zip="bobshop_cashierpage/history/20.txt">
		<user><![CDATA[admin]]></user>
						<lastModif>1600788341</lastModif>
	</version>
	<version version="19" zip="bobshop_cashierpage/history/19.txt">
		<user><![CDATA[admin]]></user>
						<lastModif>1600727785</lastModif>
	</version>
	<version version="18" zip="bobshop_cashierpage/history/18.txt">
		<user><![CDATA[admin]]></user>
						<lastModif>1600727652</lastModif>
	</version>
	<version version="17" zip="bobshop_cashierpage/history/17.txt">
		<user><![CDATA[admin]]></user>
						<lastModif>1600727574</lastModif>
	</version>
	<version version="16" zip="bobshop_cashierpage/history/16.txt">
		<user><![CDATA[admin]]></user>
						<lastModif>1600727547</lastModif>
	</version>
	<version version="15" zip="bobshop_cashierpage/history/15.txt">
		<user><![CDATA[admin]]></user>
						<lastModif>1600727530</lastModif>
	</version>
	<version version="14" zip="bobshop_cashierpage/history/14.txt">
		<user><![CDATA[admin]]></user>
						<lastModif>1600727503</lastModif>
	</version>
	<version version="13" zip="bobshop_cashierpage/history/13.txt">
		<user><![CDATA[admin]]></user>
						<lastModif>1600727388</lastModif>
	</version>
	<version version="12" zip="bobshop_cashierpage/history/12.txt">
		<user><![CDATA[admin]]></user>
						<lastModif>1600727236</lastModif>
	</version>
	<version version="11" zip="bobshop_cashierpage/history/11.txt">
		<user><![CDATA[admin]]></user>
						<lastModif>1600727175</lastModif>
	</version>
	<version version="10" zip="bobshop_cashierpage/history/10.txt">
		<user><![CDATA[admin]]></user>
						<lastModif>1600726985</lastModif>
	</version>
	<version version="9" zip="bobshop_cashierpage/history/9.txt">
		<user><![CDATA[admin]]></user>
						<lastModif>1600726928</lastModif>
	</version>
	<version version="8" zip="bobshop_cashierpage/history/8.txt">
		<user><![CDATA[admin]]></user>
						<lastModif>1600726845</lastModif>
	</version>
	<version version="7" zip="bobshop_cashierpage/history/7.txt">
		<user><![CDATA[admin]]></user>
						<lastModif>1600725917</lastModif>
	</version>
	<version version="6" zip="bobshop_cashierpage/history/6.txt">
		<user><![CDATA[admin]]></user>
						<lastModif>1600725830</lastModif>
	</version>
	<version version="5" zip="bobshop_cashierpage/history/5.txt">
		<user><![CDATA[admin]]></user>
						<lastModif>1600725774</lastModif>
	</version>
	<version version="4" zip="bobshop_cashierpage/history/4.txt">
		<user><![CDATA[admin]]></user>
						<lastModif>1600725617</lastModif>
	</version>
	<version version="3" zip="bobshop_cashierpage/history/3.txt">
		<user><![CDATA[admin]]></user>
						<lastModif>1600723144</lastModif>
	</version>
	<version version="2" zip="bobshop_cashierpage/history/2.txt">
		<user><![CDATA[admin]]></user>
						<lastModif>1600722877</lastModif>
	</version>
	<version version="1" zip="bobshop_cashierpage/history/1.txt">
		<user><![CDATA[admin]]></user>
						<lastModif>1600722336</lastModif>
	</version>
</history>
</page>
<page zip="bobshop_checkout/bobshop_checkout">
<name><![CDATA[bobshop_checkout]]></name>
<creator><![CDATA[admin]]></creator>
<user><![CDATA[admin]]></user>
<is_html>0</is_html>
<wysiwyg>n</wysiwyg>
<created>1601196478</created>
<lastModif>1601196531</lastModif>
<hits>0</hits>

<history>
	<version version="2" zip="bobshop_checkout/history/2.txt">
		<user><![CDATA[admin]]></user>
						<lastModif>1601196531</lastModif>
	</version>
	<version version="1" zip="bobshop_checkout/history/1.txt">
		<user><![CDATA[admin]]></user>
						<lastModif>1601196478</lastModif>
	</version>
</history>
</page>
<page zip="bobshop_order_submitted/bobshop_order_submitted">
<name><![CDATA[bobshop_order_submitted]]></name>
<creator><![CDATA[admin]]></creator>
<user><![CDATA[admin]]></user>
<is_html>0</is_html>
<wysiwyg>n</wysiwyg>
<created>1601302803</created>
<lastModif>1602499998</lastModif>
<hits>0</hits>

<history>
	<version version="3" zip="bobshop_order_submitted/history/3.txt">
		<user><![CDATA[admin]]></user>
						<lastModif>1602499998</lastModif>
	</version>
	<version version="2" zip="bobshop_order_submitted/history/2.txt">
		<user><![CDATA[admin]]></user>
						<lastModif>1602499982</lastModif>
	</version>
	<version version="1" zip="bobshop_order_submitted/history/1.txt">
		<user><![CDATA[admin]]></user>
						<lastModif>1601302803</lastModif>
	</version>
</history>
</page>
<page zip="bobshop_paypalAfterTransaction/bobshop_paypalAfterTransaction">
<name><![CDATA[bobshop_paypalAfterTransaction]]></name>
<creator><![CDATA[admin]]></creator>
<user><![CDATA[admin]]></user>
<is_html>0</is_html>
<wysiwyg>n</wysiwyg>
<created>1601465843</created>
<lastModif>1603032615</lastModif>
<hits>0</hits>

<history>
	<version version="5" zip="bobshop_paypalAfterTransaction/history/5.txt">
		<user><![CDATA[admin]]></user>
						<lastModif>1603032615</lastModif>
	</version>
	<version version="4" zip="bobshop_paypalAfterTransaction/history/4.txt">
		<user><![CDATA[admin]]></user>
						<lastModif>1603032527</lastModif>
	</version>
	<version version="3" zip="bobshop_paypalAfterTransaction/history/3.txt">
		<user><![CDATA[admin]]></user>
						<lastModif>1601899698</lastModif>
	</version>
	<version version="2" zip="bobshop_paypalAfterTransaction/history/2.txt">
		<user><![CDATA[admin]]></user>
						<lastModif>1601888687</lastModif>
	</version>
	<version version="1" zip="bobshop_paypalAfterTransaction/history/1.txt">
		<user><![CDATA[admin]]></user>
						<lastModif>1601465843</lastModif>
	</version>
</history>
</page>
<page zip="bobshop_shipping/bobshop_shipping">
<name><![CDATA[bobshop_shipping]]></name>
<creator><![CDATA[admin]]></creator>
<user><![CDATA[admin]]></user>
<lang>de</lang><is_html>0</is_html>
<wysiwyg>n</wysiwyg>
<created>1603435549</created>
<lastModif>1603541092</lastModif>
<hits>0</hits>

<history>
	<version version="2" zip="bobshop_shipping/history/2.txt">
		<user><![CDATA[admin]]></user>
						<lastModif>1603541092</lastModif>
	</version>
	<version version="1" zip="bobshop_shipping/history/1.txt">
		<user><![CDATA[admin]]></user>
						<lastModif>1603435549</lastModif>
	</version>
</history>
</page>
<page zip="Shop/Shop">
<name><![CDATA[Shop]]></name>
<creator><![CDATA[admin]]></creator>
<user><![CDATA[robert]]></user>
<lang>de</lang><is_html>0</is_html>
<wysiwyg>n</wysiwyg>
<created>1598874847</created>
<lastModif>1602405256</lastModif>
<hits>0</hits>

<history>
	<version version="87" zip="Shop/history/87.txt">
		<user><![CDATA[robert]]></user>
						<lastModif>1602405256</lastModif>
	</version>
	<version version="86" zip="Shop/history/86.txt">
		<user><![CDATA[robert]]></user>
						<lastModif>1602405236</lastModif>
	</version>
	<version version="85" zip="Shop/history/85.txt">
		<user><![CDATA[robert]]></user>
						<lastModif>1602404922</lastModif>
	</version>
	<version version="84" zip="Shop/history/84.txt">
		<user><![CDATA[admin]]></user>
						<lastModif>1601045960</lastModif>
	</version>
	<version version="83" zip="Shop/history/83.txt">
		<user><![CDATA[admin]]></user>
						<lastModif>1601045931</lastModif>
	</version>
	<version version="82" zip="Shop/history/82.txt">
		<user><![CDATA[admin]]></user>
						<lastModif>1601037245</lastModif>
	</version>
	<version version="81" zip="Shop/history/81.txt">
		<user><![CDATA[admin]]></user>
						<lastModif>1601037194</lastModif>
	</version>
	<version version="80" zip="Shop/history/80.txt">
		<user><![CDATA[admin]]></user>
						<lastModif>1601037003</lastModif>
	</version>
	<version version="79" zip="Shop/history/79.txt">
		<user><![CDATA[admin]]></user>
						<lastModif>1601036705</lastModif>
	</version>
	<version version="78" zip="Shop/history/78.txt">
		<user><![CDATA[admin]]></user>
						<lastModif>1601036524</lastModif>
	</version>
	<version version="77" zip="Shop/history/77.txt">
		<user><![CDATA[admin]]></user>
						<lastModif>1601036487</lastModif>
	</version>
	<version version="76" zip="Shop/history/76.txt">
		<user><![CDATA[admin]]></user>
						<lastModif>1601036438</lastModif>
	</version>
	<version version="75" zip="Shop/history/75.txt">
		<user><![CDATA[admin]]></user>
						<lastModif>1601036399</lastModif>
	</version>
	<version version="74" zip="Shop/history/74.txt">
		<user><![CDATA[admin]]></user>
						<lastModif>1601036363</lastModif>
	</version>
	<version version="73" zip="Shop/history/73.txt">
		<user><![CDATA[admin]]></user>
						<lastModif>1601032570</lastModif>
	</version>
	<version version="72" zip="Shop/history/72.txt">
		<user><![CDATA[admin]]></user>
						<lastModif>1600970074</lastModif>
	</version>
	<version version="71" zip="Shop/history/71.txt">
		<user><![CDATA[admin]]></user>
						<lastModif>1599496510</lastModif>
	</version>
	<version version="70" zip="Shop/history/70.txt">
		<user><![CDATA[admin]]></user>
						<lastModif>1599495903</lastModif>
	</version>
	<version version="69" zip="Shop/history/69.txt">
		<user><![CDATA[admin]]></user>
						<lastModif>1599329140</lastModif>
	</version>
	<version version="68" zip="Shop/history/68.txt">
		<user><![CDATA[admin]]></user>
						<lastModif>1599329115</lastModif>
	</version>
	<version version="67" zip="Shop/history/67.txt">
		<user><![CDATA[admin]]></user>
						<lastModif>1599328979</lastModif>
	</version>
	<version version="66" zip="Shop/history/66.txt">
		<user><![CDATA[admin]]></user>
						<lastModif>1599328802</lastModif>
	</version>
	<version version="65" zip="Shop/history/65.txt">
		<user><![CDATA[admin]]></user>
						<lastModif>1599328565</lastModif>
	</version>
	<version version="64" zip="Shop/history/64.txt">
		<user><![CDATA[robert]]></user>
						<lastModif>1599150842</lastModif>
	</version>
	<version version="63" zip="Shop/history/63.txt">
		<user><![CDATA[robert]]></user>
						<lastModif>1599150584</lastModif>
	</version>
	<version version="62" zip="Shop/history/62.txt">
		<user><![CDATA[robert]]></user>
						<lastModif>1599150163</lastModif>
	</version>
	<version version="61" zip="Shop/history/61.txt">
		<user><![CDATA[robert]]></user>
						<lastModif>1599150132</lastModif>
	</version>
	<version version="60" zip="Shop/history/60.txt">
		<user><![CDATA[admin]]></user>
						<lastModif>1599115007</lastModif>
	</version>
	<version version="59" zip="Shop/history/59.txt">
		<user><![CDATA[admin]]></user>
						<lastModif>1599114399</lastModif>
	</version>
	<version version="58" zip="Shop/history/58.txt">
		<user><![CDATA[admin]]></user>
						<lastModif>1599068987</lastModif>
	</version>
	<version version="57" zip="Shop/history/57.txt">
		<user><![CDATA[admin]]></user>
						<lastModif>1599068138</lastModif>
	</version>
	<version version="56" zip="Shop/history/56.txt">
		<user><![CDATA[admin]]></user>
						<lastModif>1599068123</lastModif>
	</version>
	<version version="55" zip="Shop/history/55.txt">
		<user><![CDATA[admin]]></user>
						<lastModif>1599067923</lastModif>
	</version>
	<version version="54" zip="Shop/history/54.txt">
		<user><![CDATA[admin]]></user>
						<lastModif>1599067764</lastModif>
	</version>
	<version version="53" zip="Shop/history/53.txt">
		<user><![CDATA[admin]]></user>
						<lastModif>1599063675</lastModif>
	</version>
	<version version="52" zip="Shop/history/52.txt">
		<user><![CDATA[admin]]></user>
						<lastModif>1599063519</lastModif>
	</version>
	<version version="51" zip="Shop/history/51.txt">
		<user><![CDATA[admin]]></user>
						<lastModif>1599063206</lastModif>
	</version>
	<version version="50" zip="Shop/history/50.txt">
		<user><![CDATA[admin]]></user>
						<lastModif>1599063148</lastModif>
	</version>
	<version version="49" zip="Shop/history/49.txt">
		<user><![CDATA[admin]]></user>
						<lastModif>1599063128</lastModif>
	</version>
	<version version="48" zip="Shop/history/48.txt">
		<user><![CDATA[admin]]></user>
						<lastModif>1599063057</lastModif>
	</version>
	<version version="47" zip="Shop/history/47.txt">
		<user><![CDATA[admin]]></user>
						<lastModif>1599063025</lastModif>
	</version>
	<version version="46" zip="Shop/history/46.txt">
		<user><![CDATA[admin]]></user>
						<lastModif>1599062173</lastModif>
	</version>
	<version version="45" zip="Shop/history/45.txt">
		<user><![CDATA[admin]]></user>
						<lastModif>1599062106</lastModif>
	</version>
	<version version="44" zip="Shop/history/44.txt">
		<user><![CDATA[admin]]></user>
						<lastModif>1599062059</lastModif>
	</version>
	<version version="43" zip="Shop/history/43.txt">
		<user><![CDATA[admin]]></user>
						<lastModif>1599062035</lastModif>
	</version>
	<version version="42" zip="Shop/history/42.txt">
		<user><![CDATA[admin]]></user>
						<lastModif>1599061887</lastModif>
	</version>
	<version version="41" zip="Shop/history/41.txt">
		<user><![CDATA[admin]]></user>
						<lastModif>1599061761</lastModif>
	</version>
	<version version="40" zip="Shop/history/40.txt">
		<user><![CDATA[admin]]></user>
						<lastModif>1599061741</lastModif>
	</version>
	<version version="39" zip="Shop/history/39.txt">
		<user><![CDATA[admin]]></user>
						<lastModif>1599061729</lastModif>
	</version>
	<version version="38" zip="Shop/history/38.txt">
		<user><![CDATA[admin]]></user>
						<lastModif>1599061698</lastModif>
	</version>
	<version version="37" zip="Shop/history/37.txt">
		<user><![CDATA[admin]]></user>
						<lastModif>1599061687</lastModif>
	</version>
	<version version="36" zip="Shop/history/36.txt">
		<user><![CDATA[admin]]></user>
						<lastModif>1599061632</lastModif>
	</version>
	<version version="35" zip="Shop/history/35.txt">
		<user><![CDATA[admin]]></user>
						<lastModif>1599061493</lastModif>
	</version>
	<version version="34" zip="Shop/history/34.txt">
		<user><![CDATA[admin]]></user>
						<lastModif>1599056862</lastModif>
	</version>
	<version version="33" zip="Shop/history/33.txt">
		<user><![CDATA[admin]]></user>
						<lastModif>1599040332</lastModif>
	</version>
	<version version="32" zip="Shop/history/32.txt">
		<user><![CDATA[admin]]></user>
						<lastModif>1599040289</lastModif>
	</version>
	<version version="31" zip="Shop/history/31.txt">
		<user><![CDATA[admin]]></user>
						<lastModif>1599040275</lastModif>
	</version>
	<version version="30" zip="Shop/history/30.txt">
		<user><![CDATA[admin]]></user>
						<lastModif>1599040262</lastModif>
	</version>
	<version version="29" zip="Shop/history/29.txt">
		<user><![CDATA[admin]]></user>
						<lastModif>1599040245</lastModif>
	</version>
	<version version="28" zip="Shop/history/28.txt">
		<user><![CDATA[admin]]></user>
						<lastModif>1599040204</lastModif>
	</version>
	<version version="27" zip="Shop/history/27.txt">
		<user><![CDATA[admin]]></user>
						<lastModif>1599040157</lastModif>
	</version>
	<version version="26" zip="Shop/history/26.txt">
		<user><![CDATA[admin]]></user>
						<lastModif>1599040143</lastModif>
	</version>
	<version version="25" zip="Shop/history/25.txt">
		<user><![CDATA[admin]]></user>
						<lastModif>1599040032</lastModif>
	</version>
	<version version="24" zip="Shop/history/24.txt">
		<user><![CDATA[admin]]></user>
						<lastModif>1599039870</lastModif>
	</version>
	<version version="23" zip="Shop/history/23.txt">
		<user><![CDATA[admin]]></user>
						<lastModif>1599039827</lastModif>
	</version>
	<version version="22" zip="Shop/history/22.txt">
		<user><![CDATA[admin]]></user>
						<lastModif>1599039808</lastModif>
	</version>
	<version version="21" zip="Shop/history/21.txt">
		<user><![CDATA[admin]]></user>
						<lastModif>1599039778</lastModif>
	</version>
	<version version="20" zip="Shop/history/20.txt">
		<user><![CDATA[admin]]></user>
						<lastModif>1599039613</lastModif>
	</version>
	<version version="19" zip="Shop/history/19.txt">
		<user><![CDATA[admin]]></user>
						<lastModif>1599039596</lastModif>
	</version>
	<version version="18" zip="Shop/history/18.txt">
		<user><![CDATA[admin]]></user>
						<lastModif>1599039516</lastModif>
	</version>
	<version version="17" zip="Shop/history/17.txt">
		<user><![CDATA[admin]]></user>
						<lastModif>1599039393</lastModif>
	</version>
	<version version="16" zip="Shop/history/16.txt">
		<user><![CDATA[admin]]></user>
						<lastModif>1599039358</lastModif>
	</version>
	<version version="15" zip="Shop/history/15.txt">
		<user><![CDATA[admin]]></user>
						<lastModif>1599039207</lastModif>
	</version>
	<version version="14" zip="Shop/history/14.txt">
		<user><![CDATA[admin]]></user>
						<lastModif>1599039195</lastModif>
	</version>
	<version version="13" zip="Shop/history/13.txt">
		<user><![CDATA[admin]]></user>
						<lastModif>1599039162</lastModif>
	</version>
	<version version="12" zip="Shop/history/12.txt">
		<user><![CDATA[admin]]></user>
						<lastModif>1599039101</lastModif>
	</version>
	<version version="11" zip="Shop/history/11.txt">
		<user><![CDATA[admin]]></user>
						<lastModif>1599039082</lastModif>
	</version>
	<version version="10" zip="Shop/history/10.txt">
		<user><![CDATA[admin]]></user>
						<lastModif>1599038971</lastModif>
	</version>
	<version version="9" zip="Shop/history/9.txt">
		<user><![CDATA[admin]]></user>
						<lastModif>1598884396</lastModif>
	</version>
	<version version="8" zip="Shop/history/8.txt">
		<user><![CDATA[admin]]></user>
						<lastModif>1598877398</lastModif>
	</version>
	<version version="7" zip="Shop/history/7.txt">
		<user><![CDATA[admin]]></user>
						<lastModif>1598877380</lastModif>
	</version>
	<version version="6" zip="Shop/history/6.txt">
		<user><![CDATA[admin]]></user>
						<lastModif>1598877230</lastModif>
	</version>
	<version version="5" zip="Shop/history/5.txt">
		<user><![CDATA[admin]]></user>
						<lastModif>1598876295</lastModif>
	</version>
	<version version="4" zip="Shop/history/4.txt">
		<user><![CDATA[admin]]></user>
						<lastModif>1598875857</lastModif>
	</version>
	<version version="3" zip="Shop/history/3.txt">
		<user><![CDATA[admin]]></user>
						<lastModif>1598875780</lastModif>
	</version>
	<version version="2" zip="Shop/history/2.txt">
		<user><![CDATA[admin]]></user>
						<lastModif>1598875766</lastModif>
	</version>
	<version version="1" zip="Shop/history/1.txt">
		<user><![CDATA[admin]]></user>
						<lastModif>1598874847</lastModif>
	</version>
</history>
</page>
</pages>
